Player,Span,Mat,Team
P Amarnath,2008-2008,6,Chennai Super Kings
Akash Singh,2023-2023,6,Chennai Super Kings
MM Ali,2021-2024,48,Chennai Super Kings
S Anirudha,2008-2013,19,Chennai Super Kings
KB Arun Karthik,2010-2010,1,Chennai Super Kings
R Ashwin,2009-2015,97,Chennai Super Kings
KM Asif,2018-2021,3,Chennai Super Kings
S Badree,2014-2014,4,Chennai Super Kings
S Badrinath,2008-2013,95,Chennai Super Kings
GJ Bailey,2009-2010,4,Chennai Super Kings
L Balaji,2008-2010,29,Chennai Super Kings
SW Billings,2018-2019,11,Chennai Super Kings
DE Bollinger,2010-2012,27,Chennai Super Kings
DJ Bravo,2011-2022,116,Chennai Super Kings
DL Chahar,2018-2024,76,Chennai Super Kings
PP Chawla,2020-2020,7,Chennai Super Kings
DP Conway,2022-2023,23,Chennai Super Kings
SM Curran,2020-2021,23,Chennai Super Kings
TU Deshpande,2022-2024,31,Chennai Super Kings
MS Dhoni,2008-2024,234,Chennai Super Kings
S Dube,2022-2024,41,Chennai Super Kings
F du Plessis,2012-2021,92,Chennai Super Kings
SP Fleming,2008-2008,10,Chennai Super Kings
A Flintoff,2009-2009,3,Chennai Super Kings
RD Gaikwad,2020-2024,66,Chennai Super Kings
C Ganapathy,2010-2010,1,Chennai Super Kings
RJ Gleeson,2024-2024,2,Chennai Super Kings
MS Gony,2008-2010,26,Chennai Super Kings
RS Hangargekar,2023-2023,2,Chennai Super Kings
Harbhajan Singh,2018-2019,24,Chennai Super Kings
JW Hastings,2014-2014,1,Chennai Super Kings
ML Hayden,2008-2010,32,Chennai Super Kings
JR Hazlewood,2020-2021,12,Chennai Super Kings
BW Hilfenhaus,2012-2014,17,Chennai Super Kings
JO Holder,2013-2013,6,Chennai Super Kings
DJ Hussey,2014-2014,5,Chennai Super Kings
MEK Hussey,2008-2015,50,Chennai Super Kings
Imran Tahir,2018-2021,27,Chennai Super Kings
RA Jadeja,2012-2024,172,Chennai Super Kings
KM Jadhav,2018-2020,23,Chennai Super Kings
N Jagadeesan,2020-2022,7,Chennai Super Kings
SB Jakati,2009-2012,50,Chennai Super Kings
Joginder Sharma,2008-2011,16,Chennai Super Kings
CJ Jordan,2022-2022,4,Chennai Super Kings
S Randiv,2011-2011,8,Chennai Super Kings
CK Kapugedera,2008-2008,5,Chennai Super Kings
JM Kemp,2010-2010,5,Chennai Super Kings
SC Kuggeleijn,2019-2019,2,Chennai Super Kings
KMDN Kulasekara,2011-2012,6,Chennai Super Kings
B Laughlin,2013-2013,2,Chennai Super Kings
BB McCullum,2014-2015,28,Chennai Super Kings
SSB Magala,2023-2023,2,Chennai Super Kings
VY Mahesh,2012-2012,5,Chennai Super Kings
M Manhas,2014-2014,12,Chennai Super Kings
AF Milne,2022-2022,1,Chennai Super Kings
DJ Mitchell,2024-2024,13,Chennai Super Kings
Monu Kumar,2020-2020,1,Chennai Super Kings
RG More,2015-2015,2,Chennai Super Kings
JA Morkel,2008-2013,78,Chennai Super Kings
CH Morris,2013-2013,16,Chennai Super Kings
Mukesh Choudhary,2022-2024,14,Chennai Super Kings
A Mukund,2008-2008,2,Chennai Super Kings
M Muralidaran,2008-2010,40,Chennai Super Kings
Mustafizur Rahman,2024-2024,9,Chennai Super Kings
DP Nannes,2013-2013,5,Chennai Super Kings
P Negi,2014-2015,12,Chennai Super Kings
A Nehra,2014-2015,20,Chennai Super Kings
L Ngidi,2018-2021,14,Chennai Super Kings
M Ntini,2008-2008,9,Chennai Super Kings
JDP Oram,2008-2009,15,Chennai Super Kings
IC Pandey,2014-2015,23,Chennai Super Kings
PA Patel,2008-2010,26,Chennai Super Kings
M Pathirana,2022-2024,20,Chennai Super Kings
NLTC Perera,2010-2010,1,Chennai Super Kings
D Pretorius,2022-2023,7,Chennai Super Kings
AM Rahane,2023-2024,27,Chennai Super Kings
SK Raina,2008-2021,176,Chennai Super Kings
AS Rajpoot,2013-2013,2,Chennai Super Kings
R Ravindra,2024-2024,10,Chennai Super Kings
AT Rayudu,2018-2023,90,Chennai Super Kings
WP Saha,2011-2013,14,Chennai Super Kings
Sameer Rizvi,2024-2024,8,Chennai Super Kings
MJ Santner,2019-2024,18,Chennai Super Kings
V Shankar,2014-2014,1,Chennai Super Kings
KV Sharma,2018-2020,12,Chennai Super Kings
MM Sharma,2013-2019,48,Chennai Super Kings
DR Shorey,2018-2019,2,Chennai Super Kings
Simarjeet Singh,2022-2024,10,Chennai Super Kings
DR Smith,2014-2015,32,Chennai Super Kings
PH Solanki,2022-2022,2,Chennai Super Kings
TG Southee,2011-2011,5,Chennai Super Kings
BA Stokes,2023-2023,2,Chennai Super Kings
SB Styris,2011-2011,2,Chennai Super Kings
SN Thakur,2018-2024,57,Chennai Super Kings
M Theekshana,2022-2024,27,Chennai Super Kings
T Thushara,2009-2010,6,Chennai Super Kings
S Tyagi,2009-2010,14,Chennai Super Kings
RV Uthappa,2021-2022,16,Chennai Super Kings
S Vidyut,2008-2008,9,Chennai Super Kings
M Vijay,2009-2020,70,Chennai Super Kings
SR Watson,2018-2020,43,Chennai Super Kings
DJ Willey,2018-2018,3,Chennai Super Kings
MA Wood,2018-2018,1,Chennai Super Kings
Anand Rajan,2011-2012,6,Deccan Chargers
Anirudh Singh,2010-2010,5,Deccan Chargers
Ankit Sharma,2012-2012,9,Deccan Chargers
A Ashish Reddy,2012-2012,9,Deccan Chargers
SB Bangar,2008-2008,11,Deccan Chargers
AA Bilakhia,2009-2010,7,Deccan Chargers
B Chipli,2011-2012,19,Deccan Chargers
DT Christian,2011-2012,21,Deccan Chargers
H Das,2008-2008,1,Deccan Chargers
KH Devdhar,2011-2011,1,Deccan Chargers
S Dhawan,2011-2012,29,Deccan Chargers
JP Duminy,2011-2012,19,Deccan Chargers
FH Edwards,2009-2009,6,Deccan Chargers
HH Gibbs,2008-2010,33,Deccan Chargers
AC Gilchrist,2008-2010,46,Deccan Chargers
MS Gony,2011-2012,9,Deccan Chargers
Harmeet Singh,2009-2011,17,Deccan Chargers
DJ Harris,2012-2012,4,Deccan Chargers
RJ Harris,2009-2010,16,Deccan Chargers
IR Jaggi,2011-2012,5,Deccan Chargers
Jaskaran Singh,2009-2010,8,Deccan Chargers
AA Jhunjhunwala,2012-2012,5,Deccan Chargers
D Kalyankrishna,2008-2008,3,Deccan Chargers
VVS Laxman,2008-2010,17,Deccan Chargers
MJ Lumb,2011-2011,1,Deccan Chargers
CA Lynn,2012-2012,1,Deccan Chargers
I Malhotra,2011-2011,1,Deccan Chargers
MR Marsh,2010-2010,3,Deccan Chargers
A Mishra,2011-2012,28,Deccan Chargers
MD Mishra,2010-2010,11,Deccan Chargers
T Mishra,2012-2012,1,Deccan Chargers
PP Ojha,2008-2011,54,Deccan Chargers
PA Patel,2012-2012,14,Deccan Chargers
V Pratap Singh,2012-2012,9,Deccan Chargers
DB Ravi Teja,2008-2012,30,Deccan Chargers
PA Reddy,2012-2012,5,Deccan Chargers
KAJ Roach,2010-2010,2,Deccan Chargers
BB Samantray,2012-2012,1,Deccan Chargers
KC Sangakkara,2011-2012,25,Deccan Chargers
PM Sarvesh Kumar,2008-2008,2,Deccan Chargers
Shahid Afridi,2008-2008,10,Deccan Chargers
I Sharma,2011-2011,12,Deccan Chargers
R Sharma,2010-2010,6,Deccan Chargers
RG Sharma,2008-2010,45,Deccan Chargers
Shoaib Ahmed,2009-2009,8,Deccan Chargers
LPC Silva,2008-2008,3,Deccan Chargers
RP Singh,2008-2010,42,Deccan Chargers
DR Smith,2009-2010,11,Deccan Chargers
S Sohal,2011-2011,11,Deccan Chargers
DW Steyn,2011-2012,24,Deccan Chargers
SB Styris,2008-2009,10,Deccan Chargers
TP Sudhindra,2012-2012,3,Deccan Chargers
TL Suman,2009-2010,26,Deccan Chargers
B Sumanth,2010-2010,5,Deccan Chargers
A Symonds,2008-2010,28,Deccan Chargers
J Theron,2012-2012,2,Deccan Chargers
WPUJC Vaas,2008-2010,13,Deccan Chargers
Y Venugopal Rao,2008-2010,33,Deccan Chargers
DP Vijaykumar,2008-2008,9,Deccan Chargers
CL White,2011-2012,19,Deccan Chargers
AS Yadav,2008-2008,8,Deccan Chargers
DNT Zoysa,2008-2008,3,Deccan Chargers
S Ladda,2010-2010,5,Delhi Daredevils
AR Bawne,2017-2017,1,Delhi Daredevils
VR Aaron,2011-2012,12,Delhi Daredevils
Abhishek Sharma,2018-2018,3,Delhi Daredevils
Abishek Porel,2023-2024,18,Delhi Daredevils
AB Agarkar,2011-2013,15,Delhi Daredevils
MA Agarwal,2014-2016,21,Delhi Daredevils
KK Ahmed,2022-2024,33,Delhi Daredevils
Aman Hakim Khan,2023-2023,11,Delhi Daredevils
CJ Anderson,2017-2017,11,Delhi Daredevils
R Ashwin,2020-2021,28,Delhi Daredevils
Avesh Khan,2018-2021,24,Delhi Daredevils
KS Bharat,2022-2022,2,Delhi Daredevils
R Bhatia,2008-2010,22,Delhi Daredevils
RK Bhui,2024-2024,2,Delhi Daredevils
SW Billings,2016-2017,11,Delhi Daredevils
TR Birt,2011-2011,5,Delhi Daredevils
J Botha,2013-2013,6,Delhi Daredevils
TA Boult,2018-2019,19,Delhi Daredevils
DAJ Bracewell,2012-2012,1,Delhi Daredevils
CR Brathwaite,2016-2017,10,Delhi Daredevils
AT Carey,2020-2020,3,Delhi Daredevils
UBT Chand,2011-2013,13,Delhi Daredevils
B Chipli,2013-2013,1,Delhi Daredevils
DT Christian,2018-2018,4,Delhi Daredevils
PD Collingwood,2010-2010,8,Delhi Daredevils
NM Coulter-Nile,2014-2016,17,Delhi Daredevils
PJ Cummins,2017-2017,12,Delhi Daredevils
TK Curran,2021-2021,3,Delhi Daredevils
CJ Dala,2018-2018,1,Delhi Daredevils
Q de Kock,2014-2016,23,Delhi Daredevils
TU Deshpande,2020-2020,5,Delhi Daredevils
AB de Villiers,2008-2010,28,Delhi Daredevils
S Dhawan,2008-2021,63,Delhi Daredevils
YV Dhull,2023-2023,4,Delhi Daredevils
TM Dilshan,2008-2010,27,Delhi Daredevils
AB Dinda,2011-2011,6,Delhi Daredevils
P Dubey,2020-2023,4,Delhi Daredevils
JP Duminy,2014-2016,38,Delhi Daredevils
AJ Finch,2011-2012,8,Delhi Daredevils
J Fraser-McGurk,2024-2024,9,Delhi Daredevils
G Gambhir,2008-2018,46,Delhi Daredevils
PK Garg,2023-2023,2,Delhi Daredevils
CM Gautam,2013-2015,4,Delhi Daredevils
B Geeves,2008-2008,2,Delhi Daredevils
Gulbadin Naib,2024-2024,2,Delhi Daredevils
Sunny Gupta,2012-2012,1,Delhi Daredevils
MC Henriques,2010-2010,1,Delhi Daredevils
SO Hetmyer,2020-2021,26,Delhi Daredevils
SD Hope,2024-2024,9,Delhi Daredevils
JR Hopes,2011-2011,10,Delhi Daredevils
Imran Tahir,2014-2016,20,Delhi Daredevils
CA Ingram,2011-2019,15,Delhi Daredevils
SS Iyer,2015-2021,87,Delhi Daredevils
KM Jadhav,2010-2015,41,Delhi Daredevils
DPMD Jayawardene,2012-2013,31,Delhi Daredevils
MC Juneja,2013-2013,7,Delhi Daredevils
KD Karthik,2008-2014,56,Delhi Daredevils
S Kaul,2013-2014,11,Delhi Daredevils
SN Khan,2022-2023,10,Delhi Daredevils
Z Khan,2015-2017,30,Delhi Daredevils
Kuldeep Yadav,2022-2024,39,Delhi Daredevils
K Kushagra,2024-2024,4,Delhi Daredevils
S Lamichhane,2018-2019,9,Delhi Daredevils
AB McDonald,2009-2011,6,Delhi Daredevils
GD McGrath,2008-2008,14,Delhi Daredevils
MF Maharoof,2008-2010,20,Delhi Daredevils
VY Mahesh,2008-2010,13,Delhi Daredevils
Mandeep Singh,2022-2022,3,Delhi Daredevils
M Manhas,2008-2010,20,Delhi Daredevils
MR Marsh,2022-2024,21,Delhi Daredevils
AD Mathews,2015-2017,14,Delhi Daredevils
GJ Maxwell,2012-2018,14,Delhi Daredevils
BMAJ Mendis,2013-2013,3,Delhi Daredevils
LI Meriwala,2021-2021,1,Delhi Daredevils
A Mishra,2008-2021,99,Delhi Daredevils
Mohammad Asif,2008-2008,8,Delhi Daredevils
Mohammed Shami,2014-2018,32,Delhi Daredevils
JA Morkel,2015-2015,4,Delhi Daredevils
M Morkel,2011-2013,37,Delhi Daredevils
CH Morris,2016-2019,34,Delhi Daredevils
Mukesh Kumar,2023-2024,20,Delhi Daredevils
C Munro,2018-2019,9,Delhi Daredevils
Mustafizur Rahman,2022-2023,10,Delhi Daredevils
DJ Muthuswami,2015-2015,6,Delhi Daredevils
S Nadeem,2011-2018,61,Delhi Daredevils
Y Nagar,2009-2012,26,Delhi Daredevils
KL Nagarkoti,2022-2022,1,Delhi Daredevils
KK Nair,2016-2017,28,Delhi Daredevils
DP Nannes,2009-2010,22,Delhi Daredevils
JDS Neesham,2014-2014,4,Delhi Daredevils
P Negi,2012-2016,17,Delhi Daredevils
A Nehra,2009-2013,27,Delhi Daredevils
A Nortje,2020-2024,46,Delhi Daredevils
NV Ojha,2011-2018,35,Delhi Daredevils
MK Pandey,2023-2023,10,Delhi Daredevils
RR Pant,2016-2024,111,Delhi Daredevils
WD Parnell,2014-2014,8,Delhi Daredevils
AR Patel,2019-2024,82,Delhi Daredevils
HV Patel,2018-2020,12,Delhi Daredevils
RV Patel,2021-2023,9,Delhi Daredevils
IK Pathan,2011-2013,46,Delhi Daredevils
KMA Paul,2019-2019,8,Delhi Daredevils
KP Pietersen,2012-2014,19,Delhi Daredevils
LE Plunkett,2018-2018,7,Delhi Daredevils
R Powell,2022-2023,17,Delhi Daredevils
K Rabada,2017-2021,50,Delhi Daredevils
AM Rahane,2020-2021,11,Delhi Daredevils
Rasikh Salam,2024-2024,8,Delhi Daredevils
JA Richardson,2024-2024,1,Delhi Daredevils
BJ Rohrer,2013-2013,8,Delhi Daredevils
RR Rossouw,2023-2023,9,Delhi Daredevils
JJ Roy,2018-2018,5,Delhi Daredevils
AD Russell,2012-2013,7,Delhi Daredevils
SE Rutherford,2019-2019,7,Delhi Daredevils
C Sakariya,2022-2023,5,Delhi Daredevils
PD Salt,2023-2023,9,Delhi Daredevils
AM Salvi,2009-2011,7,Delhi Daredevils
DR Sams,2020-2020,3,Delhi Daredevils
SV Samson,2016-2017,28,Delhi Daredevils
MN Samuels,2017-2017,5,Delhi Daredevils
GS Sandhu,2015-2015,3,Delhi Daredevils
PJ Sangwan,2008-2010,28,Delhi Daredevils
V Sehwag,2008-2013,79,Delhi Daredevils
TL Seifert,2022-2022,2,Delhi Daredevils
V Shankar,2018-2018,13,Delhi Daredevils
I Sharma,2019-2024,34,Delhi Daredevils
MM Sharma,2020-2020,1,Delhi Daredevils
R Sharma,2014-2014,2,Delhi Daredevils
PP Shaw,2018-2024,79,Delhi Daredevils
Shoaib Malik,2008-2008,7,Delhi Daredevils
LR Shukla,2014-2014,5,Delhi Daredevils
R Shukla,2014-2014,3,Delhi Daredevils
SPD Smith,2021-2021,8,Delhi Daredevils
S Sriram,2011-2011,1,Delhi Daredevils
MP Stoinis,2020-2021,27,Delhi Daredevils
T Stubbs,2024-2024,14,Delhi Daredevils
J Suchith,2019-2019,1,Delhi Daredevils
Sumit Kumar,2024-2024,4,Delhi Daredevils
AP Tare,2017-2017,3,Delhi Daredevils
LRPL Taylor,2012-2014,16,Delhi Daredevils
R Tewatia,2018-2019,13,Delhi Daredevils
SN Thakur,2022-2022,14,Delhi Daredevils
MK Tiwary,2008-2015,24,Delhi Daredevils
SS Tiwary,2015-2015,7,Delhi Daredevils
JD Unadkat,2014-2015,10,Delhi Daredevils
RE van der Merwe,2011-2013,10,Delhi Daredevils
Y Venugopal Rao,2011-2013,25,Delhi Daredevils
DL Vettori,2008-2010,12,Delhi Daredevils
GH Vihari,2019-2019,2,Delhi Daredevils
M Vijay,2014-2014,11,Delhi Daredevils
MS Wade,2011-2011,3,Delhi Daredevils
DA Warner,2009-2024,89,Delhi Daredevils
LB Williams,2024-2024,2,Delhi Daredevils
CR Woakes,2021-2021,3,Delhi Daredevils
J Yadav,2015-2017,10,Delhi Daredevils
Lalit Yadav,2021-2024,27,Delhi Daredevils
UT Yadav,2010-2013,47,Delhi Daredevils
Yuvraj Singh,2015-2015,14,Delhi Daredevils
S Ladda,2016-2016,1,Gujarat Lions
AD Nath,2016-2017,5,Gujarat Lions
SS Agarwal,2017-2017,1,Gujarat Lions
Ankit Soni,2017-2017,7,Gujarat Lions
Basil Thampi,2017-2017,12,Gujarat Lions
DJ Bravo,2016-2016,15,Gujarat Lions
ER Dwivedi,2016-2016,4,Gujarat Lions
JP Faulkner,2016-2017,15,Gujarat Lions
AJ Finch,2016-2017,26,Gujarat Lions
MS Gony,2017-2017,1,Gujarat Lions
Ishan Kishan,2016-2017,16,Gujarat Lions
RA Jadeja,2016-2017,27,Gujarat Lions
SB Jakati,2016-2017,8,Gujarat Lions
KD Karthik,2016-2017,30,Gujarat Lions
S Kaushik,2016-2017,10,Gujarat Lions
DS Kulkarni,2016-2017,20,Gujarat Lions
P Kumar,2016-2017,22,Gujarat Lions
BB McCullum,2016-2017,27,Gujarat Lions
MM Patel,2017-2017,2,Gujarat Lions
IK Pathan,2017-2017,1,Gujarat Lions
SK Raina,2016-2017,29,Gujarat Lions
JJ Roy,2017-2017,3,Gujarat Lions
PJ Sangwan,2016-2017,7,Gujarat Lions
NB Singh,2017-2017,2,Gujarat Lions
DR Smith,2016-2017,24,Gujarat Lions
DW Steyn,2016-2016,1,Gujarat Lions
PV Tambe,2016-2016,7,Gujarat Lions
Tejas Baroka,2017-2017,1,Gujarat Lions
AJ Tye,2017-2017,6,Gujarat Lions
VR Aaron,2022-2022,2,Gujarat Titans
Azmatullah Omarzai,2024-2024,7,Gujarat Titans
LH Ferguson,2022-2022,13,Gujarat Titans
SH Johnson,2024-2024,5,Gujarat Titans
AS Joseph,2022-2023,16,Gujarat Titans
Kartik Tyagi,2024-2024,1,Gujarat Titans
JB Little,2023-2024,11,Gujarat Titans
A Manohar,2022-2024,19,Gujarat Titans
DA Miller,2022-2024,41,Gujarat Titans
Mohammed Shami,2022-2023,33,Gujarat Titans
DG Nalkande,2022-2024,6,Gujarat Titans
Noor Ahmad,2023-2024,23,Gujarat Titans
HH Pandya,2022-2023,31,Gujarat Titans
Rashid Khan,2022-2024,45,Gujarat Titans
WP Saha,2022-2024,37,Gujarat Titans
B Sai Sudharsan,2022-2024,25,Gujarat Titans
R Sai Kishore,2022-2024,10,Gujarat Titans
S Sandeep Warrier,2024-2024,5,Gujarat Titans
PJ Sangwan,2022-2022,3,Gujarat Titans
M Shahrukh Khan,2024-2024,7,Gujarat Titans
MD Shanaka,2023-2023,3,Gujarat Titans
V Shankar,2022-2024,25,Gujarat Titans
BR Sharath,2024-2024,1,Gujarat Titans
MM Sharma,2023-2024,26,Gujarat Titans
Shubman Gill,2022-2024,45,Gujarat Titans
MJ Suthar,2024-2024,1,Gujarat Titans
R Tewatia,2022-2024,45,Gujarat Titans
MS Wade,2022-2024,12,Gujarat Titans
KS Williamson,2023-2024,3,Gujarat Titans
J Yadav,2023-2023,1,Gujarat Titans
UT Yadav,2024-2024,7,Gujarat Titans
Yash Dayal,2022-2023,14,Gujarat Titans
VR Aaron,2017-2017,6,Kings XI Punjab
KJ Abbott,2016-2016,5,Kings XI Punjab
YA Abdulla,2009-2010,11,Kings XI Punjab
L Ablish,2010-2011,3,Kings XI Punjab
AD Nath,2018-2018,1,Kings XI Punjab
MA Agarwal,2018-2022,60,Kings XI Punjab
FA Allen,2021-2021,4,Kings XI Punjab
HM Amla,2016-2017,16,Kings XI Punjab
Anureet Singh,2015-2017,17,Kings XI Punjab
VG Arora,2022-2022,5,Kings XI Punjab
Arshdeep Singh,2019-2024,65,Kings XI Punjab
M Ashwin,2019-2021,22,Kings XI Punjab
R Ashwin,2018-2019,28,Kings XI Punjab
P Awana,2012-2014,33,Kings XI Punjab
Azhar Mahmood,2012-2013,22,Kings XI Punjab
GJ Bailey,2014-2015,30,Kings XI Punjab
JM Bairstow,2022-2024,22,Kings XI Punjab
L Balaji,2014-2014,9,Kings XI Punjab
AB Barath,2010-2010,3,Kings XI Punjab
RA Bawa,2022-2022,2,Kings XI Punjab
F Behardien,2016-2016,3,Kings XI Punjab
BA Bhatt,2011-2013,17,Kings XI Punjab
Bipul Sharma,2010-2013,15,Kings XI Punjab
MS Bisla,2010-2010,10,Kings XI Punjab
RS Bopara,2009-2010,15,Kings XI Punjab
RR Bose,2009-2009,1,Kings XI Punjab
KC Cariappa,2016-2017,9,Kings XI Punjab
RD Chahar,2022-2024,36,Kings XI Punjab
PP Chawla,2008-2013,87,Kings XI Punjab
SD Chitnis,2011-2012,7,Kings XI Punjab
SS Cottrell,2020-2020,6,Kings XI Punjab
SM Curran,2019-2024,36,Kings XI Punjab
P Dharmani,2008-2008,1,Kings XI Punjab
R Dhawan,2014-2024,33,Kings XI Punjab
S Dhawan,2022-2024,30,Kings XI Punjab
P Dogra,2012-2012,3,Kings XI Punjab
NT Ellis,2021-2024,16,Kings XI Punjab
JP Faulkner,2012-2012,2,Kings XI Punjab
AJ Finch,2018-2018,10,Kings XI Punjab
Gagandeep Singh,2008-2008,4,Kings XI Punjab
CH Gayle,2018-2021,41,Kings XI Punjab
AC Gilchrist,2011-2013,34,Kings XI Punjab
K Goel,2008-2010,22,Kings XI Punjab
MS Gony,2013-2013,8,Kings XI Punjab
K Gowtham,2020-2020,2,Kings XI Punjab
MJ Guptill,2017-2017,7,Kings XI Punjab
Gurkeerat Singh,2012-2017,30,Kings XI Punjab
Gurnoor Brar,2023-2023,1,Kings XI Punjab
Harmeet Singh,2012-2013,10,Kings XI Punjab
Harpreet Brar,2019-2024,41,Kings XI Punjab
Harpreet Singh,2023-2024,5,Kings XI Punjab
RJ Harris,2011-2013,21,Kings XI Punjab
BE Hendricks,2014-2015,7,Kings XI Punjab
MC Henriques,2021-2021,5,Kings XI Punjab
MJ Henry,2017-2017,2,Kings XI Punjab
DJ Hooda,2020-2021,19,Kings XI Punjab
JR Hopes,2008-2008,11,Kings XI Punjab
DJ Hussey,2011-2013,36,Kings XI Punjab
DPMD Jayawardene,2008-2010,36,Kings XI Punjab
MG Johnson,2014-2016,26,Kings XI Punjab
CJ Jordan,2020-2021,13,Kings XI Punjab
M Kaif,2010-2010,4,Kings XI Punjab
Karanveer Singh,2014-2015,9,Kings XI Punjab
KD Karthik,2011-2011,14,Kings XI Punjab
M Kartik,2014-2014,2,Kings XI Punjab
SM Katich,2008-2009,11,Kings XI Punjab
U Kaul,2008-2008,5,Kings XI Punjab
V Kaverappa,2024-2024,1,Kings XI Punjab
SN Khan,2019-2021,15,Kings XI Punjab
T Kohli,2009-2009,2,Kings XI Punjab
P Kumar,2011-2013,44,Kings XI Punjab
B Lee,2008-2010,13,Kings XI Punjab
LS Livingstone,2022-2024,30,Kings XI Punjab
R McLaren,2011-2011,6,Kings XI Punjab
DJ Malan,2021-2021,1,Kings XI Punjab
VS Malik,2009-2011,9,Kings XI Punjab
Mandeep Singh,2011-2021,62,Kings XI Punjab
PN Mankad,2022-2022,1,Kings XI Punjab
AK Markram,2021-2021,6,Kings XI Punjab
SE Marsh,2008-2017,71,Kings XI Punjab
AD Mascarenhas,2012-2013,5,Kings XI Punjab
GJ Maxwell,2014-2020,65,Kings XI Punjab
RP Meredith,2021-2021,5,Kings XI Punjab
DA Miller,2012-2019,79,Kings XI Punjab
Mohammed Shami,2019-2021,42,Kings XI Punjab
Mohit Rathee,2023-2023,1,Kings XI Punjab
EJG Morgan,2017-2017,4,Kings XI Punjab
WA Mota,2008-2009,12,Kings XI Punjab
Mujeeb Ur Rahman,2018-2020,18,Kings XI Punjab
NS Naik,2016-2016,2,Kings XI Punjab
KK Nair,2018-2020,18,Kings XI Punjab
T Natarajan,2017-2017,6,Kings XI Punjab
AM Nayar,2011-2012,14,Kings XI Punjab
JDS Neesham,2020-2020,5,Kings XI Punjab
MG Neser,2013-2013,1,Kings XI Punjab
AR Patel,2014-2018,68,Kings XI Punjab
HV Patel,2024-2024,14,Kings XI Punjab
IK Pathan,2008-2010,42,Kings XI Punjab
NLTC Perera,2015-2015,2,Kings XI Punjab
LA Pomersbach,2008-2013,12,Kings XI Punjab
N Pooran,2019-2021,33,Kings XI Punjab
IC Porel,2021-2021,1,Kings XI Punjab
RR Powar,2008-2012,22,Kings XI Punjab
Prabhsimran Singh,2019-2024,34,Kings XI Punjab
CA Pujara,2014-2014,6,Kings XI Punjab
K Rabada,2022-2024,30,Kings XI Punjab
KL Rahul,2018-2021,55,Kings XI Punjab
PBB Rajapaksa,2022-2023,13,Kings XI Punjab
AS Rajpoot,2018-2019,12,Kings XI Punjab
AU Rashid,2021-2021,1,Kings XI Punjab
Ravi Bishnoi,2020-2021,23,Kings XI Punjab
JA Richardson,2021-2021,3,Kings XI Punjab
NJ Rimmington,2011-2011,1,Kings XI Punjab
RR Rossouw,2024-2024,8,Kings XI Punjab
WP Saha,2014-2017,57,Kings XI Punjab
P Sahu,2016-2016,5,Kings XI Punjab
N Saini,2012-2012,10,Kings XI Punjab
Sandeep Sharma,2013-2022,61,Kings XI Punjab
KC Sangakkara,2008-2010,37,Kings XI Punjab
RR Sarwan,2008-2008,4,Kings XI Punjab
R Sathish,2013-2013,9,Kings XI Punjab
Jalaj S Saxena,2021-2021,1,Kings XI Punjab
V Sehwag,2014-2015,25,Kings XI Punjab
M Shahrukh Khan,2021-2023,33,Kings XI Punjab
AR Sharma,2024-2024,11,Kings XI Punjab
I Sharma,2017-2017,6,Kings XI Punjab
JM Sharma,2022-2024,40,Kings XI Punjab
MM Sharma,2016-2018,37,Kings XI Punjab
Shashank Singh,2024-2024,14,Kings XI Punjab
Shivam Sharma,2014-2015,5,Kings XI Punjab
Shivam Singh,2024-2024,1,Kings XI Punjab
MW Short,2023-2023,6,Kings XI Punjab
Sikandar Raza,2023-2024,9,Kings XI Punjab
VRV Singh,2008-2010,19,Kings XI Punjab
OF Smith,2022-2022,6,Kings XI Punjab
RS Sodhi,2010-2010,3,Kings XI Punjab
S Sohal,2008-2010,11,Kings XI Punjab
BB Sran,2018-2018,6,Kings XI Punjab
S Sreesanth,2008-2010,28,Kings XI Punjab
SJ Srivastava,2010-2011,14,Kings XI Punjab
TM Srivastava,2008-2009,7,Kings XI Punjab
MP Stoinis,2016-2018,19,Kings XI Punjab
Sunny Singh,2011-2011,6,Kings XI Punjab
Swapnil Singh,2016-2017,5,Kings XI Punjab
A Taide,2023-2024,9,Kings XI Punjab
R Tewatia,2017-2017,3,Kings XI Punjab
SN Thakur,2015-2015,1,Kings XI Punjab
J Theron,2010-2010,7,Kings XI Punjab
MK Tiwary,2018-2018,5,Kings XI Punjab
AJ Tye,2018-2019,20,Kings XI Punjab
PC Valthaty,2011-2013,21,Kings XI Punjab
CV Varun,2019-2019,1,Kings XI Punjab
M Vijay,2015-2016,25,Kings XI Punjab
GC Viljoen,2019-2019,6,Kings XI Punjab
M Vohra,2013-2017,45,Kings XI Punjab
Yuvraj Singh,2008-2018,51,Kings XI Punjab
B Akhil,2011-2011,1,Kochi Tuskers Kerala
Y Gnaneswara Rao,2011-2011,2,Kochi Tuskers Kerala
RV Gomez,2011-2011,11,Kochi Tuskers Kerala
BJ Hodge,2011-2011,14,Kochi Tuskers Kerala
RA Jadeja,2011-2011,14,Kochi Tuskers Kerala
KM Jadhav,2011-2011,6,Kochi Tuskers Kerala
DPMD Jayawardene,2011-2011,13,Kochi Tuskers Kerala
M Klinger,2011-2011,4,Kochi Tuskers Kerala
VVS Laxman,2011-2011,3,Kochi Tuskers Kerala
BB McCullum,2011-2011,13,Kochi Tuskers Kerala
M Muralidaran,2011-2011,5,Kochi Tuskers Kerala
P Parameswaran,2011-2011,5,Kochi Tuskers Kerala
PA Patel,2011-2011,14,Kochi Tuskers Kerala
NLTC Perera,2011-2011,4,Kochi Tuskers Kerala
RR Powar,2011-2011,5,Kochi Tuskers Kerala
P Prasanth,2011-2011,1,Kochi Tuskers Kerala
OA Shah,2011-2011,3,Kochi Tuskers Kerala
RP Singh,2011-2011,14,Kochi Tuskers Kerala
S Sreesanth,2011-2011,9,Kochi Tuskers Kerala
R Vinay Kumar,2011-2011,13,Kochi Tuskers Kerala
S Ladda,2011-2013,3,Kolkata Knight Riders
AB Agarkar,2008-2010,27,Kolkata Knight Riders
Aman Hakim Khan,2022-2022,1,Kolkata Knight Riders
Anureet Singh,2009-2009,3,Kolkata Knight Riders
VG Arora,2023-2024,15,Kolkata Knight Riders
Azhar Mahmood,2015-2015,1,Kolkata Knight Riders
L Balaji,2011-2013,35,Kolkata Knight Riders
SB Bangar,2009-2009,1,Kolkata Knight Riders
T Banton,2020-2020,2,Kolkata Knight Riders
R Bhatia,2011-2013,46,Kolkata Knight Riders
SW Billings,2022-2022,8,Kolkata Knight Riders
MS Bisla,2011-2014,27,Kolkata Knight Riders
SE Bond,2010-2010,8,Kolkata Knight Riders
J Botha,2015-2015,4,Kolkata Knight Riders
MV Boucher,2011-2011,4,Kolkata Knight Riders
TA Boult,2017-2017,6,Kolkata Knight Riders
CR Brathwaite,2019-2019,2,Kolkata Knight Riders
DM Bravo,2017-2017,1,Kolkata Knight Riders
KC Cariappa,2015-2019,2,Kolkata Knight Riders
PVD Chameera,2024-2024,1,Kolkata Knight Riders
PP Chawla,2014-2019,70,Kolkata Knight Riders
A Chopra,2008-2009,7,Kolkata Knight Riders
NM Coulter-Nile,2017-2017,8,Kolkata Knight Riders
PJ Cummins,2014-2022,30,Kolkata Knight Riders
TK Curran,2018-2018,5,Kolkata Knight Riders
DB Das,2008-2013,31,Kolkata Knight Riders
C de Grandhomme,2017-2017,12,Kolkata Knight Riders
M de Lange,2012-2012,3,Kolkata Knight Riders
JL Denly,2019-2019,1,Kolkata Knight Riders
AB Dinda,2008-2010,29,Kolkata Knight Riders
P Dogra,2013-2013,1,Kolkata Knight Riders
LH Ferguson,2019-2023,21,Kolkata Knight Riders
AJ Finch,2022-2022,5,Kolkata Knight Riders
G Gambhir,2011-2017,108,Kolkata Knight Riders
SC Ganguly,2008-2010,40,Kolkata Knight Riders
RS Gavaskar,2010-2010,2,Kolkata Knight Riders
CH Gayle,2009-2010,16,Kolkata Knight Riders
AN Ghosh,2009-2009,2,Kolkata Knight Riders
SP Goswami,2011-2011,5,Kolkata Knight Riders
CJ Green,2020-2020,1,Kolkata Knight Riders
HF Gurney,2019-2019,8,Kolkata Knight Riders
BJ Haddin,2011-2011,1,Kolkata Knight Riders
Harbhajan Singh,2021-2021,3,Kolkata Knight Riders
Harpreet Singh,2010-2010,1,Kolkata Knight Riders
Harshit Rana,2022-2024,21,Kolkata Knight Riders
JW Hastings,2016-2016,2,Kolkata Knight Riders
MC Henriques,2009-2009,4,Kolkata Knight Riders
BJ Hodge,2008-2010,19,Kolkata Knight Riders
GB Hogg,2015-2016,11,Kolkata Knight Riders
JO Holder,2016-2016,4,Kolkata Knight Riders
DJ Hussey,2008-2010,23,Kolkata Knight Riders
B Indrajith,2022-2022,3,Kolkata Knight Riders
Iqbal Abdulla,2008-2013,33,Kolkata Knight Riders
SS Iyer,2022-2024,29,Kolkata Knight Riders
VR Iyer,2021-2024,51,Kolkata Knight Riders
SP Jackson,2017-2022,9,Kolkata Knight Riders
N Jagadeesan,2023-2023,6,Kolkata Knight Riders
IR Jaggi,2017-2017,2,Kolkata Knight Riders
MG Johnson,2018-2018,6,Kolkata Knight Riders
JH Kallis,2011-2014,56,Kolkata Knight Riders
KD Karthik,2018-2021,61,Kolkata Knight Riders
M Kartik,2008-2010,26,Kolkata Knight Riders
K Khejroliya,2023-2023,2,Kolkata Knight Riders
Kuldeep Yadav,2016-2020,45,Kolkata Knight Riders
CK Langeveldt,2009-2010,4,Kolkata Knight Riders
B Lee,2011-2013,25,Kolkata Knight Riders
Litton Das,2023-2023,1,Kolkata Knight Riders
CA Lynn,2014-2019,40,Kolkata Knight Riders
BB McCullum,2008-2013,35,Kolkata Knight Riders
R McLaren,2013-2013,2,Kolkata Knight Riders
Mandeep Singh,2010-2023,6,Kolkata Knight Riders
Mashrafe Mortaza,2009-2009,1,Kolkata Knight Riders
AD Mathews,2009-2010,15,Kolkata Knight Riders
BAW Mendis,2008-2010,7,Kolkata Knight Riders
Mohammad Hafeez,2008-2008,8,Kolkata Knight Riders
Mohammed Shami,2013-2013,3,Kolkata Knight Riders
EJG Morgan,2011-2021,57,Kolkata Knight Riders
M Morkel,2014-2016,29,Kolkata Knight Riders
C Munro,2016-2016,4,Kolkata Knight Riders
KL Nagarkoti,2020-2021,11,Kolkata Knight Riders
NS Naik,2019-2020,2,Kolkata Knight Riders
SP Narine,2012-2024,177,Kolkata Knight Riders
S Narwal,2013-2013,2,Kolkata Knight Riders
MK Pandey,2014-2024,56,Kolkata Knight Riders
MB Parmar,2010-2010,1,Kolkata Knight Riders
YK Pathan,2011-2017,106,Kolkata Knight Riders
RT Ponting,2008-2008,4,Kolkata Knight Riders
M Prasidh Krishna,2018-2021,34,Kolkata Knight Riders
Y Prithvi Raj,2019-2019,2,Kolkata Knight Riders
CA Pujara,2010-2010,10,Kolkata Knight Riders
A Raghuvanshi,2024-2024,10,Kolkata Knight Riders
AM Rahane,2022-2022,7,Kolkata Knight Riders
Rahmanullah Gurbaz,2023-2024,14,Kolkata Knight Riders
AS Rajpoot,2016-2017,9,Kolkata Knight Riders
Ramandeep Singh,2024-2024,15,Kolkata Knight Riders
N Rana,2018-2024,90,Kolkata Knight Riders
Rasikh Salam,2022-2022,2,Kolkata Knight Riders
AS Roy,2022-2024,10,Kolkata Knight Riders
JJ Roy,2023-2023,8,Kolkata Knight Riders
AD Russell,2014-2024,120,Kolkata Knight Riders
WP Saha,2008-2010,33,Kolkata Knight Riders
Salman Butt,2008-2008,7,Kolkata Knight Riders
PD Salt,2024-2024,12,Kolkata Knight Riders
S Sandeep Warrier,2019-2021,5,Kolkata Knight Riders
PJ Sangwan,2012-2013,3,Kolkata Knight Riders
SS Sarkar,2009-2009,2,Kolkata Knight Riders
R Sathish,2016-2016,4,Kolkata Knight Riders
JPR Scantlebury-Searles,2018-2018,4,Kolkata Knight Riders
TL Seifert,2021-2021,1,Kolkata Knight Riders
SMSM Senanayake,2013-2013,8,Kolkata Knight Riders
OA Shah,2010-2010,5,Kolkata Knight Riders
SS Shaikh,2009-2009,2,Kolkata Knight Riders
Shakib Al Hasan,2011-2021,51,Kolkata Knight Riders
I Sharma,2008-2010,31,Kolkata Knight Riders
Shivam Mavi,2018-2022,32,Kolkata Knight Riders
Shoaib Akhtar,2008-2008,3,Kolkata Knight Riders
Shubman Gill,2018-2021,58,Kolkata Knight Riders
LR Shukla,2008-2013,42,Kolkata Knight Riders
RK Singh,2018-2024,46,Kolkata Knight Riders
TG Southee,2021-2023,14,Kolkata Knight Riders
MA Starc,2024-2024,14,Kolkata Knight Riders
Suyash Sharma,2023-2024,13,Kolkata Knight Riders
T Taibu,2008-2008,3,Kolkata Knight Riders
RN ten Doeschate,2011-2015,29,Kolkata Knight Riders
SN Thakur,2023-2023,11,Kolkata Knight Riders
MK Tiwary,2010-2013,54,Kolkata Knight Riders
A Tomar,2022-2022,1,Kolkata Knight Riders
RA Tripathi,2020-2021,28,Kolkata Knight Riders
Umar Gul,2008-2008,6,Kolkata Knight Riders
JD Unadkat,2010-2016,12,Kolkata Knight Riders
RV Uthappa,2014-2019,86,Kolkata Knight Riders
MN van Wyk,2009-2009,5,Kolkata Knight Riders
CV Varun,2020-2024,70,Kolkata Knight Riders
R Vinay Kumar,2014-2018,11,Kolkata Knight Riders
D Wiese,2023-2023,3,Kolkata Knight Riders
CR Woakes,2017-2017,13,Kolkata Knight Riders
SA Yadav,2014-2017,54,Kolkata Knight Riders
UT Yadav,2014-2023,67,Kolkata Knight Riders
Yashpal Singh,2009-2009,8,Kolkata Knight Riders
Arshad Khan,2024-2024,4,Lucknow Super Giants
Avesh Khan,2022-2023,22,Lucknow Super Giants
A Badoni,2022-2024,42,Lucknow Super Giants
PVD Chameera,2022-2022,12,Lucknow Super Giants
Q de Kock,2022-2024,30,Lucknow Super Giants
K Gowtham,2022-2024,12,Lucknow Super Giants
MJ Henry,2024-2024,4,Lucknow Super Giants
JO Holder,2022-2022,12,Lucknow Super Giants
DJ Hooda,2022-2024,38,Lucknow Super Giants
S Joseph,2024-2024,1,Lucknow Super Giants
AA Kulkarni,2024-2024,2,Lucknow Super Giants
E Lewis,2022-2022,6,Lucknow Super Giants
PN Mankad,2023-2023,5,Lucknow Super Giants
KR Mayers,2023-2023,13,Lucknow Super Giants
A Mishra,2023-2024,8,Lucknow Super Giants
Mohsin Khan,2022-2024,24,Lucknow Super Giants
Naveen-ul-Haq,2023-2024,18,Lucknow Super Giants
D Padikkal,2024-2024,7,Lucknow Super Giants
MK Pandey,2022-2022,6,Lucknow Super Giants
KH Pandya,2022-2024,43,Lucknow Super Giants
N Pooran,2023-2024,29,Lucknow Super Giants
KL Rahul,2022-2024,38,Lucknow Super Giants
Ravi Bishnoi,2022-2024,43,Lucknow Super Giants
KS Sharma,2022-2023,3,Lucknow Super Giants
R Shepherd,2023-2023,1,Lucknow Super Giants
M Siddharth,2024-2024,3,Lucknow Super Giants
MP Stoinis,2022-2024,40,Lucknow Super Giants
Swapnil Singh,2023-2023,2,Lucknow Super Giants
Yash Thakur,2023-2024,19,Lucknow Super Giants
AJ Turner,2024-2024,2,Lucknow Super Giants
AJ Tye,2022-2022,3,Lucknow Super Giants
JD Unadkat,2023-2023,3,Lucknow Super Giants
M Vohra,2022-2023,3,Lucknow Super Giants
MA Wood,2023-2023,4,Lucknow Super Giants
MP Yadav,2024-2024,4,Lucknow Super Giants
Yudhvir Singh,2023-2024,5,Lucknow Super Giants
AN Ahmed,2010-2013,10,Mumbai Indians
FA Allen,2022-2022,1,Mumbai Indians
CJ Anderson,2014-2015,16,Mumbai Indians
Anmolpreet Singh,2021-2022,3,Mumbai Indians
JC Archer,2023-2023,5,Mumbai Indians
Arshad Khan,2023-2023,6,Mumbai Indians
M Ashwin,2022-2022,8,Mumbai Indians
Basil Thampi,2022-2022,5,Mumbai Indians
JP Behrendorff,2019-2023,17,Mumbai Indians
STR Binny,2010-2010,1,Mumbai Indians
AC Blizzard,2011-2012,7,Mumbai Indians
TA Boult,2020-2021,29,Mumbai Indians
DJ Bravo,2008-2010,30,Mumbai Indians
D Brevis,2022-2024,10,Mumbai Indians
JJ Bumrah,2013-2024,133,Mumbai Indians
JC Buttler,2016-2017,24,Mumbai Indians
YS Chahal,2013-2013,1,Mumbai Indians
RD Chahar,2019-2021,39,Mumbai Indians
UBT Chand,2015-2016,7,Mumbai Indians
PP Chawla,2021-2024,28,Mumbai Indians
SD Chitnis,2008-2008,3,Mumbai Indians
G Coetzee,2024-2024,10,Mumbai Indians
NM Coulter-Nile,2013-2021,13,Mumbai Indians
BCJ Cutting,2018-2019,12,Mumbai Indians
A Dananjaya,2018-2018,1,Mumbai Indians
TH David,2022-2024,37,Mumbai Indians
Q de Kock,2019-2021,43,Mumbai Indians
M de Lange,2014-2015,2,Mumbai Indians
R Dhawan,2013-2013,6,Mumbai Indians
S Dhawan,2009-2010,15,Mumbai Indians
JP Duminy,2009-2018,26,Mumbai Indians
BR Dunk,2014-2014,3,Mumbai Indians
CRD Fernando,2008-2010,10,Mumbai Indians
AJ Finch,2015-2015,3,Mumbai Indians
JEC Franklin,2011-2012,20,Mumbai Indians
CM Gautam,2014-2014,9,Mumbai Indians
HH Gibbs,2012-2012,3,Mumbai Indians
S Gopal,2014-2024,9,Mumbai Indians
R Goyal,2023-2023,1,Mumbai Indians
C Green,2023-2023,16,Mumbai Indians
MJ Guptill,2016-2016,3,Mumbai Indians
Harbhajan Singh,2008-2017,136,Mumbai Indians
MEK Hussey,2014-2014,9,Mumbai Indians
Ishan Kishan,2018-2024,89,Mumbai Indians
DJ Jacobs,2011-2012,7,Mumbai Indians
D Jansen,2023-2023,1,Mumbai Indians
M Jansen,2021-2021,2,Mumbai Indians
ST Jayasuriya,2008-2010,30,Mumbai Indians
MG Johnson,2013-2017,22,Mumbai Indians
CJ Jordan,2023-2023,6,Mumbai Indians
AS Joseph,2019-2019,3,Mumbai Indians
A Kamboj,2024-2024,3,Mumbai Indians
KD Karthik,2012-2013,36,Mumbai Indians
K Kartikeya,2022-2023,12,Mumbai Indians
Z Khan,2009-2014,26,Mumbai Indians
MA Khote,2008-2008,4,Mumbai Indians
DS Kulkarni,2008-2021,35,Mumbai Indians
P Kumar,2014-2014,3,Mumbai Indians
SD Lad,2019-2019,1,Mumbai Indians
RE Levi,2012-2012,6,Mumbai Indians
E Lewis,2018-2019,16,Mumbai Indians
CA Lynn,2021-2021,1,Mumbai Indians
MJ McClenaghan,2015-2019,56,Mumbai Indians
CJ McKay,2012-2012,2,Mumbai Indians
R McLaren,2010-2010,10,Mumbai Indians
C Madan,2010-2010,1,Mumbai Indians
SL Malinga,2009-2019,122,Mumbai Indians
A Madhwal,2023-2024,13,Mumbai Indians
KT Maphaka,2024-2024,2,Mumbai Indians
M Markande,2018-2022,19,Mumbai Indians
GJ Maxwell,2013-2013,3,Mumbai Indians
RP Meredith,2022-2023,13,Mumbai Indians
TS Mills,2022-2022,5,Mumbai Indians
AF Milne,2021-2021,4,Mumbai Indians
Mohammad Ashraful,2009-2009,1,Mumbai Indians
Mohammad Nabi,2024-2024,7,Mumbai Indians
SZ Mulani,2024-2024,2,Mumbai Indians
AG Murtaza,2010-2011,8,Mumbai Indians
Mustafizur Rahman,2018-2018,7,Mumbai Indians
Naman Dhir,2024-2024,7,Mumbai Indians
C Nanda,2009-2009,3,Mumbai Indians
GR Napier,2009-2009,1,Mumbai Indians
AM Nayar,2008-2010,30,Mumbai Indians
JDS Neesham,2021-2021,3,Mumbai Indians
A Nehra,2008-2008,14,Mumbai Indians
A Nel,2008-2008,1,Mumbai Indians
PP Ojha,2012-2015,38,Mumbai Indians
JDP Oram,2013-2013,1,Mumbai Indians
MK Pandey,2008-2008,3,Mumbai Indians
HH Pandya,2015-2024,106,Mumbai Indians
KH Pandya,2016-2021,84,Mumbai Indians
MM Patel,2011-2013,31,Mumbai Indians
PA Patel,2015-2017,40,Mumbai Indians
JL Pattinson,2020-2020,10,Mumbai Indians
RV Pawar,2008-2008,1,Mumbai Indians
NLTC Perera,2012-2012,2,Mumbai Indians
RJ Peterson,2012-2012,5,Mumbai Indians
KA Pollard,2010-2022,189,Mumbai Indians
SM Pollock,2008-2008,13,Mumbai Indians
RT Ponting,2013-2013,6,Mumbai Indians
RW Price,2011-2011,1,Mumbai Indians
AM Rahane,2008-2009,10,Mumbai Indians
RR Raje,2008-2009,10,Mumbai Indians
Ramandeep Singh,2022-2022,5,Mumbai Indians
N Rana,2016-2017,17,Mumbai Indians
Rasikh Salam,2019-2019,1,Mumbai Indians
AT Rayudu,2010-2017,114,Mumbai Indians
L Ronchi,2008-2009,5,Mumbai Indians
AS Roy,2019-2019,1,Mumbai Indians
DR Sams,2022-2022,11,Mumbai Indians
PJ Sangwan,2018-2018,1,Mumbai Indians
R Sanjay Yadav,2022-2022,1,Mumbai Indians
K Santokie,2014-2014,2,Mumbai Indians
R Sathish,2010-2011,21,Mumbai Indians
PR Shah,2008-2009,14,Mumbai Indians
RA Shaikh,2009-2009,1,Mumbai Indians
KV Sharma,2017-2017,9,Mumbai Indians
RG Sharma,2011-2024,212,Mumbai Indians
R Shepherd,2024-2024,6,Mumbai Indians
HR Shokeen,2022-2023,13,Mumbai Indians
R Shukla,2012-2012,1,Mumbai Indians
LMP Simmons,2014-2017,29,Mumbai Indians
RP Singh,2012-2012,11,Mumbai Indians
DR Smith,2008-2013,24,Mumbai Indians
TG Southee,2016-2017,14,Mumbai Indians
BB Sran,2019-2019,2,Mumbai Indians
T Stubbs,2022-2023,4,Mumbai Indians
J Suchith,2015-2016,14,Mumbai Indians
TL Suman,2011-2012,10,Mumbai Indians
P Suyal,2013-2015,5,Mumbai Indians
A Symonds,2011-2011,11,Mumbai Indians
YV Takawale,2008-2009,11,Mumbai Indians
AP Tare,2010-2015,29,Mumbai Indians
AS Tendulkar,2023-2024,5,Mumbai Indians
SR Tendulkar,2008-2013,78,Mumbai Indians
DJ Thornely,2008-2008,6,Mumbai Indians
N Thushara,2024-2024,7,Mumbai Indians
NT Tilak Varma,2022-2024,38,Mumbai Indians
SS Tiwary,2008-2021,36,Mumbai Indians
JD Unadkat,2022-2022,5,Mumbai Indians
RV Uthappa,2008-2008,14,Mumbai Indians
R Vinay Kumar,2015-2017,17,Mumbai Indians
Vishnu Vinod,2023-2023,3,Mumbai Indians
N Wadhera,2023-2024,20,Mumbai Indians
L Wood,2024-2024,2,Mumbai Indians
J Yadav,2019-2021,9,Mumbai Indians
SA Yadav,2012-2024,96,Mumbai Indians
VS Yeligati,2008-2008,2,Mumbai Indians
Yuvraj Singh,2019-2019,4,Mumbai Indians
UA Birla,2013-2013,2,Pune Warriors
MJ Clarke,2012-2012,6,Pune Warriors
AB Dinda,2012-2013,20,Pune Warriors
JP Faulkner,2011-2011,1,Pune Warriors
CJ Ferguson,2011-2012,9,Pune Warriors
AJ Finch,2013-2013,14,Pune Warriors
SC Ganguly,2011-2012,19,Pune Warriors
RV Gomez,2013-2013,2,Pune Warriors
Harpreet Singh,2011-2012,3,Pune Warriors
AA Jhunjhunwala,2011-2011,3,Pune Warriors
Kamran Khan,2011-2011,1,Pune Warriors
M Kartik,2011-2012,17,Pune Warriors
B Kumar,2011-2013,31,Pune Warriors
NL McCullum,2011-2011,2,Pune Warriors
AP Majumdar,2012-2012,4,Pune Warriors
M Manhas,2011-2013,23,Pune Warriors
MR Marsh,2011-2013,14,Pune Warriors
AD Mathews,2012-2013,20,Pune Warriors
BAW Mendis,2013-2013,3,Pune Warriors
MD Mishra,2011-2012,7,Pune Warriors
SS Mundhe,2011-2011,1,Pune Warriors
AG Murtaza,2012-2013,4,Pune Warriors
AM Nayar,2013-2013,11,Pune Warriors
A Nehra,2012-2012,13,Pune Warriors
TD Paine,2011-2011,2,Pune Warriors
IC Pandey,2013-2013,2,Pune Warriors
MK Pandey,2011-2013,27,Pune Warriors
WD Parnell,2011-2013,18,Pune Warriors
Parvez Rasool,2013-2013,2,Pune Warriors
S Rana,2011-2011,2,Pune Warriors
M Rawat,2013-2013,2,Pune Warriors
KW Richardson,2013-2013,3,Pune Warriors
JD Ryder,2011-2012,24,Pune Warriors
MN Samuels,2012-2013,10,Pune Warriors
R Sharma,2011-2013,36,Pune Warriors
GC Smith,2011-2011,4,Pune Warriors
SPD Smith,2012-2013,22,Pune Warriors
TL Suman,2013-2013,7,Pune Warriors
JE Taylor,2011-2011,5,Pune Warriors
LRPL Taylor,2013-2013,5,Pune Warriors
AC Thomas,2011-2012,15,Pune Warriors
K Upadhyay,2012-2013,3,Pune Warriors
RV Uthappa,2011-2013,46,Pune Warriors
SB Wagh,2011-2011,7,Pune Warriors
LJ Wright,2012-2013,7,Pune Warriors
Yuvraj Singh,2011-2013,27,Pune Warriors
VR Aaron,2019-2020,8,Rajasthan Royals
Abdul Basith,2023-2023,1,Rajasthan Royals
Akash Singh,2021-2021,1,Rajasthan Royals
Ankit Sharma,2014-2018,8,Rajasthan Royals
Anuj Rawat,2021-2021,2,Rajasthan Royals
Anureet Singh,2018-2018,3,Rajasthan Royals
JC Archer,2018-2020,35,Rajasthan Royals
M Ashwin,2023-2023,2,Rajasthan Royals
R Ashwin,2022-2024,45,Rajasthan Royals
KM Asif,2023-2023,4,Rajasthan Royals
SA Asnodkar,2008-2011,20,Rajasthan Royals
Avesh Khan,2024-2024,16,Rajasthan Royals
S Badree,2013-2013,1,Rajasthan Royals
R Bhatia,2014-2015,14,Rajasthan Royals
STR Binny,2011-2019,72,Rajasthan Royals
J Botha,2009-2012,24,Rajasthan Royals
TA Boult,2022-2024,42,Rajasthan Royals
N Burger,2024-2024,6,Rajasthan Royals
JC Buttler,2018-2024,83,Rajasthan Royals
LA Carseldine,2009-2009,5,Rajasthan Royals
YS Chahal,2022-2024,46,Rajasthan Royals
UBT Chand,2014-2014,1,Rajasthan Royals
A Chandila,2012-2013,12,Rajasthan Royals
AA Chavan,2011-2013,13,Rajasthan Royals
SD Chitnis,2009-2009,1,Rajasthan Royals
P Chopra,2018-2019,2,Rajasthan Royals
KK Cooper,2012-2014,25,Rajasthan Royals
NM Coulter-Nile,2022-2022,1,Rajasthan Royals
TK Curran,2020-2020,5,Rajasthan Royals
BCJ Cutting,2014-2014,1,Rajasthan Royals
P Dogra,2010-2010,9,Rajasthan Royals
AP Dole,2010-2010,3,Rajasthan Royals
ND Doshi,2011-2011,3,Rajasthan Royals
R Dravid,2011-2013,46,Rajasthan Royals
S Dube,2021-2021,9,Rajasthan Royals
SB Dubey,2024-2024,4,Rajasthan Royals
JP Faulkner,2013-2015,42,Rajasthan Royals
FY Fazal,2010-2011,12,Rajasthan Royals
D Ferreira,2024-2024,2,Rajasthan Royals
AJ Finch,2010-2010,1,Rajasthan Royals
S Gopal,2018-2021,42,Rajasthan Royals
SP Goswami,2012-2012,11,Rajasthan Royals
K Gowtham,2018-2019,22,Rajasthan Royals
Harmeet Singh,2013-2013,1,Rajasthan Royals
SM Harwood,2009-2009,3,Rajasthan Royals
T Henderson,2009-2009,2,Rajasthan Royals
SO Hetmyer,2022-2024,41,Rajasthan Royals
BJ Hodge,2012-2014,33,Rajasthan Royals
GB Hogg,2012-2013,10,Rajasthan Royals
JO Holder,2023-2023,8,Rajasthan Royals
DJ Hooda,2015-2015,14,Rajasthan Royals
Iqbal Abdulla,2014-2014,1,Rajasthan Royals
RA Jadeja,2008-2009,27,Rajasthan Royals
YBK Jaiswal,2020-2024,53,Rajasthan Royals
AA Jhunjhunwala,2010-2010,13,Rajasthan Royals
DC Jurel,2023-2024,28,Rajasthan Royals
M Kaif,2008-2008,16,Rajasthan Royals
Kamran Akmal,2008-2008,6,Rajasthan Royals
Kamran Khan,2009-2010,8,Rajasthan Royals
Kartik Tyagi,2020-2021,14,Rajasthan Royals
H Klaasen,2018-2018,4,Rajasthan Royals
T Kohler-Cadmore,2024-2024,4,Rajasthan Royals
T Kohli,2008-2008,2,Rajasthan Royals
TK Kotian,2024-2024,1,Rajasthan Royals
DS Kulkarni,2014-2019,37,Rajasthan Royals
B Laughlin,2018-2018,7,Rajasthan Royals
DS Lehmann,2008-2008,2,Rajasthan Royals
E Lewis,2021-2021,5,Rajasthan Royals
LS Livingstone,2019-2021,9,Rajasthan Royals
MK Lomror,2018-2021,11,Rajasthan Royals
MJ Lumb,2010-2010,11,Rajasthan Royals
OC McCoy,2022-2023,8,Rajasthan Royals
KA Maharaj,2024-2024,2,Rajasthan Royals
VS Malik,2013-2014,4,Rajasthan Royals
M Markande,2021-2021,1,Rajasthan Royals
DR Martyn,2010-2010,1,Rajasthan Royals
AD Mascarenhas,2008-2010,8,Rajasthan Royals
AL Menaria,2011-2013,29,Rajasthan Royals
S Midhun,2019-2019,1,Rajasthan Royals
DA Miller,2020-2021,10,Rajasthan Royals
DJ Mitchell,2022-2022,2,Rajasthan Royals
M Morkel,2009-2010,4,Rajasthan Royals
CH Morris,2015-2021,22,Rajasthan Royals
Mustafizur Rahman,2021-2021,14,Rajasthan Royals
KK Nair,2014-2022,28,Rajasthan Royals
S Narwal,2010-2010,5,Rajasthan Royals
AM Nayar,2014-2014,5,Rajasthan Royals
JDS Neesham,2022-2022,2,Rajasthan Royals
NV Ojha,2009-2010,22,Rajasthan Royals
JDP Oram,2011-2011,2,Rajasthan Royals
D Padikkal,2022-2023,28,Rajasthan Royals
Pankaj Singh,2008-2012,12,Rajasthan Royals
R Parag,2019-2024,70,Rajasthan Royals
MM Patel,2008-2010,30,Rajasthan Royals
NK Patel,2008-2009,9,Rajasthan Royals
YK Pathan,2008-2010,43,Rajasthan Royals
AG Paunikar,2010-2011,5,Rajasthan Royals
MDKJ Perera,2013-2013,2,Rajasthan Royals
GD Phillips,2021-2021,3,Rajasthan Royals
R Powell,2024-2024,10,Rajasthan Royals
M Prasidh Krishna,2022-2022,17,Rajasthan Royals
RJ Quiney,2009-2009,7,Rajasthan Royals
AM Rahane,2011-2019,100,Rajasthan Royals
AS Rajpoot,2020-2020,6,Rajasthan Royals
AS Raut,2009-2011,22,Rajasthan Royals
M Rawat,2008-2009,16,Rajasthan Royals
KW Richardson,2014-2014,7,Rajasthan Royals
JE Root,2023-2023,3,Rajasthan Royals
Sachin Baby,2013-2013,4,Rajasthan Royals
NA Saini,2022-2023,4,Rajasthan Royals
C Sakariya,2021-2021,14,Rajasthan Royals
D Salunkhe,2008-2008,6,Rajasthan Royals
SV Samson,2013-2024,140,Rajasthan Royals
Sandeep Sharma,2023-2024,23,Rajasthan Royals
KR Sen,2022-2024,12,Rajasthan Royals
OA Shah,2012-2013,15,Rajasthan Royals
PR Shah,2011-2011,2,Rajasthan Royals
T Shamsi,2021-2021,1,Rajasthan Royals
DJM Short,2018-2018,7,Rajasthan Royals
R Shukla,2013-2013,3,Rajasthan Royals
A Singh,2009-2012,23,Rajasthan Royals
GC Smith,2008-2010,25,Rajasthan Royals
SPD Smith,2014-2020,50,Rajasthan Royals
IS Sodhi,2018-2019,8,Rajasthan Royals
Sohail Tanvir,2008-2008,11,Rajasthan Royals
TG Southee,2014-2015,10,Rajasthan Royals
BB Sran,2015-2015,1,Rajasthan Royals
S Sreesanth,2013-2013,7,Rajasthan Royals
BA Stokes,2018-2021,31,Rajasthan Royals
SW Tait,2010-2013,21,Rajasthan Royals
PV Tambe,2013-2015,26,Rajasthan Royals
LRPL Taylor,2011-2011,12,Rajasthan Royals
R Tewatia,2014-2021,32,Rajasthan Royals
J Theron,2015-2015,1,Rajasthan Royals
O Thomas,2019-2019,4,Rajasthan Royals
RA Tripathi,2018-2019,20,Rajasthan Royals
SK Trivedi,2008-2013,76,Rajasthan Royals
AJ Turner,2019-2019,4,Rajasthan Royals
AJ Tye,2020-2020,1,Rajasthan Royals
JD Unadkat,2018-2021,39,Rajasthan Royals
A Uniyal,2010-2010,2,Rajasthan Royals
RV Uthappa,2020-2020,12,Rajasthan Royals
PC Valthaty,2009-2009,2,Rajasthan Royals
HE van der Dussen,2022-2022,3,Rajasthan Royals
AC Voges,2010-2010,9,Rajasthan Royals
M Vohra,2021-2021,4,Rajasthan Royals
SB Wagh,2010-2010,1,Rajasthan Royals
SK Warne,2008-2011,55,Rajasthan Royals
SR Watson,2008-2015,78,Rajasthan Royals
K Yadav,2021-2023,3,Rajasthan Royals
DH Yagnik,2011-2014,25,Rajasthan Royals
Younis Khan,2008-2008,1,Rajasthan Royals
A Zampa,2023-2023,6,Rajasthan Royals
MA Agarwal,2017-2017,3,Rising Pune Supergiants
Ankit Sharma,2016-2017,4,Rising Pune Supergiants
M Ashwin,2016-2016,10,Rising Pune Supergiants
R Ashwin,2016-2016,14,Rising Pune Supergiants
GJ Bailey,2016-2016,6,Rising Pune Supergiants
R Bhatia,2016-2017,13,Rising Pune Supergiants
SM Boland,2016-2016,2,Rising Pune Supergiants
DL Chahar,2016-2017,5,Rising Pune Supergiants
RD Chahar,2017-2017,3,Rising Pune Supergiants
DT Christian,2017-2017,13,Rising Pune Supergiants
MS Dhoni,2016-2017,30,Rising Pune Supergiants
AB Dinda,2016-2017,12,Rising Pune Supergiants
F du Plessis,2016-2017,8,Rising Pune Supergiants
LH Ferguson,2017-2017,4,Rising Pune Supergiants
PSP Handscomb,2016-2016,2,Rising Pune Supergiants
Imran Tahir,2017-2017,12,Rising Pune Supergiants
UT Khawaja,2016-2016,6,Rising Pune Supergiants
MR Marsh,2016-2016,3,Rising Pune Supergiants
JA Morkel,2016-2016,2,Rising Pune Supergiants
IK Pathan,2016-2016,4,Rising Pune Supergiants
NLTC Perera,2016-2016,12,Rising Pune Supergiants
KP Pietersen,2016-2016,4,Rising Pune Supergiants
AM Rahane,2016-2017,30,Rising Pune Supergiants
I Sharma,2016-2016,4,Rising Pune Supergiants
RP Singh,2016-2016,4,Rising Pune Supergiants
SPD Smith,2016-2017,23,Rising Pune Supergiants
BA Stokes,2017-2017,12,Rising Pune Supergiants
SN Thakur,2017-2017,12,Rising Pune Supergiants
MK Tiwary,2017-2017,15,Rising Pune Supergiants
SS Tiwary,2016-2016,10,Rising Pune Supergiants
RA Tripathi,2017-2017,14,Rising Pune Supergiants
JD Unadkat,2017-2017,12,Rising Pune Supergiants
Washington Sundar,2017-2017,11,Rising Pune Supergiants
A Zampa,2016-2017,11,Rising Pune Supergiants
PW Hasaranga,2021-2023,26,Royal Challengers Bangalore
VR Aaron,2014-2016,24,Royal Challengers Bangalore
SA Abbott,2015-2015,2,Royal Challengers Bangalore
Abdur Razzak,2008-2008,1,Royal Challengers Bangalore
AD Nath,2019-2019,8,Royal Challengers Bangalore
MA Agarwal,2011-2013,29,Royal Challengers Bangalore
AN Ahmed,2014-2015,7,Royal Challengers Bangalore
Akash Deep,2022-2024,8,Royal Challengers Bangalore
B Akhil,2008-2010,14,Royal Challengers Bangalore
MM Ali,2018-2020,19,Royal Challengers Bangalore
CJ Anderson,2018-2018,3,Royal Challengers Bangalore
Anuj Rawat,2022-2024,22,Royal Challengers Bangalore
KP Appanna,2009-2012,14,Royal Challengers Bangalore
S Aravind,2011-2017,38,Royal Challengers Bangalore
KB Arun Karthik,2011-2013,16,Royal Challengers Bangalore
J Arunkumar,2008-2008,3,Royal Challengers Bangalore
M Ashwin,2018-2018,2,Royal Challengers Bangalore
Avesh Khan,2017-2017,1,Royal Challengers Bangalore
S Badree,2017-2017,7,Royal Challengers Bangalore
KS Bharat,2021-2021,8,Royal Challengers Bangalore
RR Bhatkal,2012-2012,1,Royal Challengers Bangalore
STR Binny,2016-2017,22,Royal Challengers Bangalore
R Bishnoi,2009-2009,3,Royal Challengers Bangalore
MS Bisla,2015-2015,2,Royal Challengers Bangalore
MV Boucher,2008-2010,27,Royal Challengers Bangalore
MG Bracewell,2023-2023,5,Royal Challengers Bangalore
YS Chahal,2014-2021,113,Royal Challengers Bangalore
S Chanderpaul,2008-2008,3,Royal Challengers Bangalore
SD Chauhan,2024-2024,3,Royal Challengers Bangalore
B Chipli,2008-2008,3,Royal Challengers Bangalore
A Choudhary,2017-2017,5,Royal Challengers Bangalore
DT Christian,2013-2021,11,Royal Challengers Bangalore
MJ Dagar,2024-2024,5,Royal Challengers Bangalore
TH David,2021-2021,1,Royal Challengers Bangalore
C de Grandhomme,2018-2019,13,Royal Challengers Bangalore
Q de Kock,2018-2018,8,Royal Challengers Bangalore
AB de Villiers,2011-2021,156,Royal Challengers Bangalore
TM Dilshan,2011-2013,25,Royal Challengers Bangalore
AB Dinda,2014-2015,11,Royal Challengers Bangalore
ND Doshi,2010-2010,1,Royal Challengers Bangalore
R Dravid,2008-2010,43,Royal Challengers Bangalore
S Dube,2019-2020,15,Royal Challengers Bangalore
F du Plessis,2022-2024,45,Royal Challengers Bangalore
D du Preez,2009-2009,2,Royal Challengers Bangalore
LH Ferguson,2024-2024,7,Royal Challengers Bangalore
AJ Finch,2020-2020,12,Royal Challengers Bangalore
GHS Garton,2021-2021,5,Royal Challengers Bangalore
CH Gayle,2011-2017,85,Royal Challengers Bangalore
SP Goswami,2008-2010,7,Royal Challengers Bangalore
C Green,2024-2024,13,Royal Challengers Bangalore
Gurkeerat Singh,2019-2020,11,Royal Challengers Bangalore
JR Hazlewood,2022-2023,15,Royal Challengers Bangalore
TM Head,2016-2017,10,Royal Challengers Bangalore
MC Henriques,2013-2013,10,Royal Challengers Bangalore
SO Hetmyer,2019-2019,5,Royal Challengers Bangalore
Iqbal Abdulla,2015-2017,15,Royal Challengers Bangalore
WG Jacks,2024-2024,8,Royal Challengers Bangalore
KM Jadhav,2016-2023,19,Royal Challengers Bangalore
W Jaffer,2008-2009,8,Royal Challengers Bangalore
SB Jakati,2014-2014,1,Royal Challengers Bangalore
KA Jamieson,2021-2021,9,Royal Challengers Bangalore
CJ Jordan,2016-2016,9,Royal Challengers Bangalore
AS Joseph,2024-2024,3,Royal Challengers Bangalore
SB Joshi,2008-2008,4,Royal Challengers Bangalore
M Kaif,2011-2012,9,Royal Challengers Bangalore
JH Kallis,2008-2010,42,Royal Challengers Bangalore
KD Karthik,2015-2024,60,Royal Challengers Bangalore
M Kartik,2013-2013,11,Royal Challengers Bangalore
S Kaul,2022-2022,1,Royal Challengers Bangalore
AA Kazi,2011-2011,1,Royal Challengers Bangalore
SN Khan,2015-2018,25,Royal Challengers Bangalore
Z Khan,2008-2013,44,Royal Challengers Bangalore
K Khejroliya,2018-2019,5,Royal Challengers Bangalore
H Klaasen,2019-2019,3,Royal Challengers Bangalore
V Kohli,2008-2024,252,Royal Challengers Bangalore
P Kumar,2008-2010,38,Royal Challengers Bangalore
A Kumble,2008-2010,42,Royal Challengers Bangalore
CK Langeveldt,2011-2011,3,Royal Challengers Bangalore
MK Lomror,2022-2024,29,Royal Challengers Bangalore
BB McCullum,2018-2018,6,Royal Challengers Bangalore
AB McDonald,2012-2013,5,Royal Challengers Bangalore
NJ Maddinson,2014-2015,3,Royal Challengers Bangalore
Mandeep Singh,2015-2018,40,Royal Challengers Bangalore
GJ Maxwell,2021-2024,52,Royal Challengers Bangalore
TS Mills,2017-2017,5,Royal Challengers Bangalore
AF Milne,2016-2017,5,Royal Challengers Bangalore
Misbah-ul-Haq,2008-2008,8,Royal Challengers Bangalore
A Mithun,2009-2013,16,Royal Challengers Bangalore
Mohammed Siraj,2018-2024,87,Royal Challengers Bangalore
EJG Morgan,2010-2010,6,Royal Challengers Bangalore
JA Morkel,2014-2014,7,Royal Challengers Bangalore
CH Morris,2020-2020,9,Royal Challengers Bangalore
A Mukund,2013-2013,1,Royal Challengers Bangalore
M Muralidaran,2012-2014,21,Royal Challengers Bangalore
KK Nair,2013-2013,2,Royal Challengers Bangalore
DP Nannes,2011-2011,2,Royal Challengers Bangalore
P Negi,2017-2019,21,Royal Challengers Bangalore
R Ninan,2011-2011,2,Royal Challengers Bangalore
AA Noffke,2008-2008,1,Royal Challengers Bangalore
D Padikkal,2020-2021,29,Royal Challengers Bangalore
MK Pandey,2009-2010,18,Royal Challengers Bangalore
Pankaj Singh,2009-2010,5,Royal Challengers Bangalore
P Parameswaran,2012-2012,3,Royal Challengers Bangalore
WD Parnell,2023-2023,7,Royal Challengers Bangalore
Parvez Rasool,2016-2016,4,Royal Challengers Bangalore
HV Patel,2012-2023,80,Royal Challengers Bangalore
PA Patel,2014-2019,32,Royal Challengers Bangalore
AUK Pathan,2011-2012,8,Royal Challengers Bangalore
RM Patidar,2021-2024,27,Royal Challengers Bangalore
DT Patil,2008-2008,2,Royal Challengers Bangalore
JR Philippe,2020-2020,5,Royal Challengers Bangalore
KP Pietersen,2009-2010,13,Royal Challengers Bangalore
LA Pomersbach,2011-2011,5,Royal Challengers Bangalore
SS Prabhudessai,2022-2024,11,Royal Challengers Bangalore
CA Pujara,2011-2013,14,Royal Challengers Bangalore
KL Rahul,2013-2016,19,Royal Challengers Bangalore
R Rampaul,2013-2014,12,Royal Challengers Bangalore
S Rana,2014-2014,9,Royal Challengers Bangalore
P Ray Barman,2019-2019,1,Royal Challengers Bangalore
KW Richardson,2016-2021,5,Royal Challengers Bangalore
RR Rossouw,2014-2015,5,Royal Challengers Bangalore
SE Rutherford,2022-2022,3,Royal Challengers Bangalore
JD Ryder,2009-2009,5,Royal Challengers Bangalore
Sachin Baby,2016-2021,15,Royal Challengers Bangalore
Shahbaz Ahmed,2020-2023,39,Royal Challengers Bangalore
NA Saini,2019-2021,28,Royal Challengers Bangalore
DJG Sammy,2015-2015,2,Royal Challengers Bangalore
DR Sams,2021-2021,2,Royal Challengers Bangalore
T Shamsi,2016-2016,4,Royal Challengers Bangalore
H Sharma,2023-2024,2,Royal Challengers Bangalore
KV Sharma,2009-2024,17,Royal Challengers Bangalore
RP Singh,2013-2013,11,Royal Challengers Bangalore
TG Southee,2018-2019,11,Royal Challengers Bangalore
S Sriram,2010-2010,1,Royal Challengers Bangalore
B Stanlake,2017-2017,2,Royal Challengers Bangalore
MA Starc,2014-2015,27,Royal Challengers Bangalore
DW Steyn,2008-2020,33,Royal Challengers Bangalore
MP Stoinis,2019-2019,10,Royal Challengers Bangalore
Swapnil Singh,2024-2024,7,Royal Challengers Bangalore
J Syed Mohammad,2011-2013,11,Royal Challengers Bangalore
YV Takawale,2014-2014,5,Royal Challengers Bangalore
LRPL Taylor,2008-2010,22,Royal Challengers Bangalore
SS Tiwary,2011-2013,40,Royal Challengers Bangalore
RJW Topley,2023-2024,5,Royal Challengers Bangalore
I Udana,2020-2020,10,Royal Challengers Bangalore
JD Unadkat,2013-2013,13,Royal Challengers Bangalore
RV Uthappa,2009-2010,31,Royal Challengers Bangalore
RE van der Merwe,2009-2010,11,Royal Challengers Bangalore
JJ van der Wath,2011-2011,3,Royal Challengers Bangalore
DL Vettori,2011-2012,22,Royal Challengers Bangalore
R Vinay Kumar,2008-2013,64,Royal Challengers Bangalore
Vishnu Vinod,2017-2017,3,Royal Challengers Bangalore
M Vohra,2018-2018,4,Royal Challengers Bangalore
V Vyshak,2023-2024,11,Royal Challengers Bangalore
Washington Sundar,2018-2021,31,Royal Challengers Bangalore
SR Watson,2016-2017,24,Royal Challengers Bangalore
CL White,2008-2010,15,Royal Challengers Bangalore
D Wiese,2015-2016,15,Royal Challengers Bangalore
DJ Willey,2022-2023,8,Royal Challengers Bangalore
CR Woakes,2018-2018,5,Royal Challengers Bangalore
UT Yadav,2018-2020,27,Royal Challengers Bangalore
Yash Dayal,2024-2024,14,Royal Challengers Bangalore
Yuvraj Singh,2014-2014,14,Royal Challengers Bangalore
A Zampa,2020-2020,3,Royal Challengers Bangalore
VH Zol,2014-2014,3,Royal Challengers Bangalore
SA Abbott,2022-2022,1,Sunrisers Hyderabad
Abdul Samad,2020-2024,50,Sunrisers Hyderabad
Abhishek Sharma,2019-2024,60,Sunrisers Hyderabad
MA Agarwal,2023-2024,14,Sunrisers Hyderabad
KK Ahmed,2018-2021,24,Sunrisers Hyderabad
Anand Rajan,2013-2013,2,Sunrisers Hyderabad
S Anirudha,2014-2014,1,Sunrisers Hyderabad
Ankit Sharma,2013-2013,1,Sunrisers Hyderabad
Anmolpreet Singh,2023-2024,6,Sunrisers Hyderabad
A Ashish Reddy,2013-2016,22,Sunrisers Hyderabad
JM Bairstow,2019-2021,28,Sunrisers Hyderabad
Basil Thampi,2018-2020,8,Sunrisers Hyderabad
RK Bhui,2018-2019,2,Sunrisers Hyderabad
Bipul Sharma,2015-2017,18,Sunrisers Hyderabad
RS Bopara,2015-2015,9,Sunrisers Hyderabad
TA Boult,2015-2016,8,Sunrisers Hyderabad
CR Brathwaite,2018-2018,4,Sunrisers Hyderabad
HC Brook,2023-2023,11,Sunrisers Hyderabad
PJ Cummins,2024-2024,16,Sunrisers Hyderabad
BCJ Cutting,2016-2017,8,Sunrisers Hyderabad
MJ Dagar,2023-2023,3,Sunrisers Hyderabad
Q de Kock,2013-2013,3,Sunrisers Hyderabad
S Dhawan,2013-2018,85,Sunrisers Hyderabad
Fazalhaq Farooqi,2022-2023,7,Sunrisers Hyderabad
AJ Finch,2014-2014,13,Sunrisers Hyderabad
PK Garg,2020-2022,21,Sunrisers Hyderabad
S Gopal,2022-2022,1,Sunrisers Hyderabad
SP Goswami,2018-2020,8,Sunrisers Hyderabad
MJ Guptill,2019-2019,3,Sunrisers Hyderabad
AD Hales,2018-2018,6,Sunrisers Hyderabad
TM Head,2024-2024,15,Sunrisers Hyderabad
MC Henriques,2014-2017,42,Sunrisers Hyderabad
JO Holder,2014-2021,16,Sunrisers Hyderabad
DJ Hooda,2016-2019,47,Sunrisers Hyderabad
AJ Hosein,2023-2023,1,Sunrisers Hyderabad
KM Jadhav,2021-2021,6,Sunrisers Hyderabad
M Jansen,2022-2024,19,Sunrisers Hyderabad
CJ Jordan,2017-2018,2,Sunrisers Hyderabad
Kartik Tyagi,2022-2023,5,Sunrisers Hyderabad
S Kaul,2017-2021,43,Sunrisers Hyderabad
H Klaasen,2023-2024,28,Sunrisers Hyderabad
B Kumar,2014-2024,145,Sunrisers Hyderabad
P Kumar,2015-2015,12,Sunrisers Hyderabad
M Markande,2023-2024,17,Sunrisers Hyderabad
AK Markram,2022-2024,38,Sunrisers Hyderabad
MR Marsh,2020-2020,1,Sunrisers Hyderabad
A Mishra,2013-2014,27,Sunrisers Hyderabad
Mohammad Nabi,2017-2021,17,Sunrisers Hyderabad
Mohammed Siraj,2017-2017,6,Sunrisers Hyderabad
EJG Morgan,2015-2016,16,Sunrisers Hyderabad
Mujeeb Ur Rahman,2021-2021,1,Sunrisers Hyderabad
Mustafizur Rahman,2016-2017,17,Sunrisers Hyderabad
S Nadeem,2019-2021,11,Sunrisers Hyderabad
T Natarajan,2020-2024,55,Sunrisers Hyderabad
A Nehra,2016-2017,14,Sunrisers Hyderabad
K Nitish Kumar Reddy,2023-2024,15,Sunrisers Hyderabad
NV Ojha,2014-2017,56,Sunrisers Hyderabad
MK Pandey,2018-2021,51,Sunrisers Hyderabad
Parvez Rasool,2014-2015,5,Sunrisers Hyderabad
PA Patel,2013-2013,13,Sunrisers Hyderabad
IK Pathan,2014-2014,10,Sunrisers Hyderabad
YK Pathan,2018-2019,25,Sunrisers Hyderabad
NLTC Perera,2013-2013,16,Sunrisers Hyderabad
GD Phillips,2023-2023,5,Sunrisers Hyderabad
N Pooran,2022-2022,14,Sunrisers Hyderabad
KL Rahul,2014-2015,20,Sunrisers Hyderabad
AU Rashid,2023-2023,2,Sunrisers Hyderabad
Rashid Khan,2017-2021,76,Sunrisers Hyderabad
DB Ravi Teja,2013-2013,2,Sunrisers Hyderabad
PA Reddy,2013-2013,7,Sunrisers Hyderabad
JJ Roy,2021-2021,5,Sunrisers Hyderabad
WP Saha,2018-2021,29,Sunrisers Hyderabad
Shahbaz Ahmed,2024-2024,16,Sunrisers Hyderabad
BB Samantray,2013-2013,8,Sunrisers Hyderabad
DJG Sammy,2013-2014,20,Sunrisers Hyderabad
Sandeep Sharma,2018-2021,43,Sunrisers Hyderabad
KC Sangakkara,2013-2013,9,Sunrisers Hyderabad
Sanvir Singh,2023-2024,6,Sunrisers Hyderabad
V Shankar,2017-2021,33,Sunrisers Hyderabad
Shakib Al Hasan,2018-2019,20,Sunrisers Hyderabad
I Sharma,2013-2015,23,Sunrisers Hyderabad
KV Sharma,2013-2016,46,Sunrisers Hyderabad
Shashank Singh,2022-2022,10,Sunrisers Hyderabad
R Shepherd,2022-2022,3,Sunrisers Hyderabad
BB Sran,2016-2017,15,Sunrisers Hyderabad
B Stanlake,2018-2018,4,Sunrisers Hyderabad
DW Steyn,2013-2015,37,Sunrisers Hyderabad
J Suchith,2021-2022,7,Sunrisers Hyderabad
AP Tare,2016-2016,3,Sunrisers Hyderabad
X Thalaivan Sargunam,2013-2013,1,Sunrisers Hyderabad
RA Tripathi,2022-2024,33,Sunrisers Hyderabad
Umran Malik,2021-2024,26,Sunrisers Hyderabad
JD Unadkat,2024-2024,11,Sunrisers Hyderabad
Y Venugopal Rao,2014-2014,7,Sunrisers Hyderabad
GH Vihari,2013-2015,22,Sunrisers Hyderabad
Virat Singh,2021-2021,3,Sunrisers Hyderabad
Vivrant Sharma,2023-2023,3,Sunrisers Hyderabad
V Viyaskanth,2024-2024,3,Sunrisers Hyderabad
DA Warner,2014-2021,95,Sunrisers Hyderabad
Washington Sundar,2022-2024,18,Sunrisers Hyderabad
CL White,2013-2013,13,Sunrisers Hyderabad
KS Williamson,2015-2022,76,Sunrisers Hyderabad
Yuvraj Singh,2016-2017,22,Sunrisers Hyderabad
